{"_via_settings":{"ui":{"annotation_editor_height":25,"annotation_editor_fontsize":0.8,"leftsidebar_width":18,"image_grid":{"img_height":80,"rshape_fill":"none","rshape_fill_opacity":0.3,"rshape_stroke":"yellow","rshape_stroke_width":2,"show_region_shape":true,"show_image_policy":"all"},"image":{"region_label":"class","region_label_font":"10px Sans","on_image_annotation_editor_placement":"NEAR_REGION"}},"core":{"buffer_size":"18","filepath":{},"default_filepath":"./"},"project":{"name":"EIP3_gk1010100@gmail.com"}},"_via_img_metadata":{"IMG-20190225-WA0010.jpg114577":{"filename":"IMG-20190225-WA0010.jpg","size":114577,"regions":[{"shape_attributes":{"name":"rect","x":334,"y":342,"width":25,"height":17},"region_attributes":{"class":"KA01AC5133\n"}},{"shape_attributes":{"name":"rect","x":268,"y":230,"width":203,"height":236},"region_attributes":{"class":"AUTO"}}],"file_attributes":{}},"IMG-20190225-WA0017.jpg126552":{"filename":"IMG-20190225-WA0017.jpg","size":126552,"regions":[{"shape_attributes":{"name":"rect","x":102,"y":459,"width":34,"height":23},"region_attributes":{"class":"KA03AB7829"}},{"shape_attributes":{"name":"rect","x":68,"y":309,"width":379,"height":351},"region_attributes":{"class":"AUTO"}}],"file_attributes":{}},"IMG_20190225_160713.jpg2281744":{"filename":"IMG_20190225_160713.jpg","size":2281744,"regions":[{"shape_attributes":{"name":"rect","x":1354,"y":2184,"width":238,"height":142},"region_attributes":{"class":"KA05AF9578"}},{"shape_attributes":{"name":"rect","x":2424,"y":2541,"width":76,"height":93},"region_attributes":{"class":"KA05AF9578"}},{"shape_attributes":{"name":"rect","x":456,"y":889,"width":1884,"height":1892},"region_attributes":{"class":"AUTO"}}],"file_attributes":{}},"IMG_20190225_160734.jpg2307697":{"filename":"IMG_20190225_160734.jpg","size":2307697,"regions":[{"shape_attributes":{"name":"rect","x":1197,"y":1134,"width":189,"height":108},"region_attributes":{"class":"KA02AF7933"}},{"shape_attributes":{"name":"rect","x":415,"y":84,"width":1072,"height":1420},"region_attributes":{"class":"AUTO"}},{"shape_attributes":{"name":"rect","x":1633,"y":681,"width":79,"height":62},"region_attributes":{"class":"KA05AH5524"}},{"shape_attributes":{"name":"rect","x":1496,"y":281,"width":326,"height":580},"region_attributes":{"class":"AUTO"}}],"file_attributes":{}},"IMG_20190225_160739.jpg2282628":{"filename":"IMG_20190225_160739.jpg","size":2282628,"regions":[{"shape_attributes":{"name":"rect","x":1334,"y":1509,"width":174,"height":148},"region_attributes":{"class":"KA02AF7933"}},{"shape_attributes":{"name":"rect","x":715,"y":1967,"width":288,"height":179},"region_attributes":{"class":"KA02AF7933"}},{"shape_attributes":{"name":"rect","x":0,"y":4,"width":2215,"height":2629},"region_attributes":{"class":"AUTO"}}],"file_attributes":{}},"IMG_20190225_160745.jpg2232476":{"filename":"IMG_20190225_160745.jpg","size":2232476,"regions":[{"shape_attributes":{"name":"rect","x":532,"y":2276,"width":222,"height":240},"region_attributes":{"class":"KA05AH5524"}},{"shape_attributes":{"name":"rect","x":13,"y":427,"width":2555,"height":2577},"region_attributes":{"class":"AUTO"}}],"file_attributes":{}},"IMG_20190225_160752.jpg2638391":{"filename":"IMG_20190225_160752.jpg","size":2638391,"regions":[{"shape_attributes":{"name":"rect","x":709,"y":1402,"width":125,"height":92},"region_attributes":{"class":"KA02AD9321"}},{"shape_attributes":{"name":"rect","x":471,"y":731,"width":977,"height":958},"region_attributes":{"class":"AUTO"}}],"file_attributes":{}},"IMG_20190225_160818.jpg653856":{"filename":"IMG_20190225_160818.jpg","size":653856,"regions":[{"shape_attributes":{"name":"rect","x":1779,"y":1330,"width":124,"height":107},"region_attributes":{"class":"KA01AD0311"}},{"shape_attributes":{"name":"rect","x":1411,"y":1572,"width":183,"height":129},"region_attributes":{"class":"KA01AD0311"}},{"shape_attributes":{"name":"rect","x":652,"y":353,"width":2161,"height":1862},"region_attributes":{"class":"AUTO"}}],"file_attributes":{}},"IMG_20190225_160905.jpg2195438":{"filename":"IMG_20190225_160905.jpg","size":2195438,"regions":[{"shape_attributes":{"name":"rect","x":608,"y":655,"width":76,"height":66},"region_attributes":{"class":"KA05AC6475"}},{"shape_attributes":{"name":"rect","x":152,"y":320,"width":610,"height":735},"region_attributes":{"class":"AUTO"}}],"file_attributes":{}},"IMG_20190225_160908.jpg1841099":{"filename":"IMG_20190225_160908.jpg","size":1841099,"regions":[{"shape_attributes":{"name":"rect","x":827,"y":1889,"width":96,"height":78},"region_attributes":{"class":"KA40A2853"}},{"shape_attributes":{"name":"rect","x":653,"y":1134,"width":2254,"height":1663},"region_attributes":{"class":"AUTO"}}],"file_attributes":{}},"IMG_20190225_160918.jpg1682854":{"filename":"IMG_20190225_160918.jpg","size":1682854,"regions":[{"shape_attributes":{"name":"rect","x":1116,"y":1681,"width":91,"height":76},"region_attributes":{"class":"KA02AC1722"}},{"shape_attributes":{"name":"rect","x":751,"y":1856,"width":160,"height":107},"region_attributes":{"class":"KA02AC1722"}},{"shape_attributes":{"name":"rect","x":213,"y":764,"width":1579,"height":1548},"region_attributes":{"class":"AUTO"}}],"file_attributes":{}},"IMG_20190225_161034.jpg2414442":{"filename":"IMG_20190225_161034.jpg","size":2414442,"regions":[{"shape_attributes":{"name":"rect","x":1833,"y":2024,"width":168,"height":91},"region_attributes":{"class":"KA02AB5396"}},{"shape_attributes":{"name":"rect","x":364,"y":768,"width":1065,"height":1268},"region_attributes":{"class":"AUTO"}},{"shape_attributes":{"name":"rect","x":1080,"y":1690,"width":160,"height":74},"region_attributes":{"class":"KA02AB5396"}}],"file_attributes":{}},"IMG_20190225_161046.jpg2569884":{"filename":"IMG_20190225_161046.jpg","size":2569884,"regions":[{"shape_attributes":{"name":"polygon","all_points_x":[2492,2546,2541,2490],"all_points_y":[2027,2022,2084,2093]},"region_attributes":{"class":"KA02AF7933"}},{"shape_attributes":{"name":"polygon","all_points_x":[2314,2146,2137,2305],"all_points_y":[2241,2216,2305,2330]},"region_attributes":{"class":"KA02AF7933"}},{"shape_attributes":{"name":"rect","x":197,"y":668,"width":1439,"height":1373},"region_attributes":{"class":"AUTO"}},{"shape_attributes":{"name":"polygon","all_points_x":[801,961,958,792],"all_points_y":[1599,1620,1703,1680]},"region_attributes":{"class":"KA02AF7933"}},{"shape_attributes":{"name":"polygon","all_points_x":[1191,1196,1138,1143],"all_points_y":[1396,1460,1473,1409]},"region_attributes":{"class":"KA02AF7933"}}],"file_attributes":{}},"IMG_20190225_161058.jpg1106408":{"filename":"IMG_20190225_161058.jpg","size":1106408,"regions":[{"shape_attributes":{"name":"rect","x":621,"y":971,"width":85,"height":53},"region_attributes":{"class":"KA53B2397"}},{"shape_attributes":{"name":"rect","x":206,"y":511,"width":557,"height":697},"region_attributes":{"class":"AUTO"}}],"file_attributes":{}},"IMG_20190225_161130.jpg1889118":{"filename":"IMG_20190225_161130.jpg","size":1889118,"regions":[{"shape_attributes":{"name":"polygon","all_points_x":[1229,1399,1400,1236],"all_points_y":[1603,1582,1668,1689]},"region_attributes":{"class":"KA41B1237"}},{"shape_attributes":{"name":"rect","x":239,"y":539,"width":1228,"height":1542},"region_attributes":{"class":"AUTO"}}],"file_attributes":{}},"IMG_20190225_161544.jpg1867135":{"filename":"IMG_20190225_161544.jpg","size":1867135,"regions":[{"shape_attributes":{"name":"rect","x":951,"y":1444,"width":129,"height":68},"region_attributes":{"class":"KA02AB5781"}},{"shape_attributes":{"name":"rect","x":362,"y":687,"width":981,"height":1073},"region_attributes":{"class":"AUTO"}}],"file_attributes":{}},"IMG_20190225_161547.jpg777320":{"filename":"IMG_20190225_161547.jpg","size":777320,"regions":[{"shape_attributes":{"name":"polygon","all_points_x":[1360,1445,1451,1364],"all_points_y":[1741,1711,1796,1833]},"region_attributes":{"class":"KA02AE5781"}},{"shape_attributes":{"name":"polygon","all_points_x":[910,1106,1114,910],"all_points_y":[2061,2077,2192,2164]},"region_attributes":{"class":"KA02AE5781"}},{"shape_attributes":{"name":"rect","x":175,"y":702,"width":1892,"height":1859},"region_attributes":{"class":"AUTO"}}],"file_attributes":{}},"IMG_20190225_161553.jpg2366842":{"filename":"IMG_20190225_161553.jpg","size":2366842,"regions":[{"shape_attributes":{"name":"polygon","all_points_x":[1264,1544,1587,1276],"all_points_y":[1943,1884,2045,2118]},"region_attributes":{"class":"KA02AE5781"}},{"shape_attributes":{"name":"rect","x":6,"y":767,"width":1907,"height":2881},"region_attributes":{"class":"AUTO"}}],"file_attributes":{}},"IMG_20190225_161600.jpg1452109":{"filename":"IMG_20190225_161600.jpg","size":1452109,"regions":[{"shape_attributes":{"name":"rect","x":1616,"y":1866,"width":298,"height":136},"region_attributes":{"class":"KA02AB5396"}},{"shape_attributes":{"name":"rect","x":594,"y":179,"width":1906,"height":2216},"region_attributes":{"class":"AUTO"}}],"file_attributes":{}},"IMG_20190225_161613.jpg425401":{"filename":"IMG_20190225_161613.jpg","size":425401,"regions":[{"shape_attributes":{"name":"polygon","all_points_x":[1366,1563,1571,1378],"all_points_y":[2318,2241,2384,2472]},"region_attributes":{"class":"KA41A5107"}},{"shape_attributes":{"name":"polygon","all_points_x":[440,457,736,727],"all_points_y":[2915,3082,3210,3000]},"region_attributes":{"class":"KA41A5107"}},{"shape_attributes":{"name":"rect","x":3,"y":389,"width":2892,"height":3375},"region_attributes":{"class":"AUTO"}}],"file_attributes":{}},"IMG_20190225_161636.jpg936917":{"filename":"IMG_20190225_161636.jpg","size":936917,"regions":[{"shape_attributes":{"name":"rect","x":1957,"y":1773,"width":236,"height":134},"region_attributes":{"class":"KA02A5722"}},{"shape_attributes":{"name":"rect","x":1290,"y":491,"width":1696,"height":1773},"region_attributes":{"class":"AUTO"}}],"file_attributes":{}},"IMG_20190225_161644.jpg1929837":{"filename":"IMG_20190225_161644.jpg","size":1929837,"regions":[{"shape_attributes":{"name":"polygon","all_points_x":[1254,1432,1436,1254],"all_points_y":[939,918,1007,1032]},"region_attributes":{"class":"KA41C1979"}},{"shape_attributes":{"name":"rect","x":403,"y":253,"width":1284,"height":1636},"region_attributes":{"class":"AUTO"}}],"file_attributes":{}},"IMG_20190225_161648.jpg1472907":{"filename":"IMG_20190225_161648.jpg","size":1472907,"regions":[{"shape_attributes":{"name":"rect","x":2459,"y":1595,"width":168,"height":80},"region_attributes":{"class":"KA02AF8231"}},{"shape_attributes":{"name":"rect","x":1761,"y":681,"width":1147,"height":1288},"region_attributes":{"class":"AUTO"}}],"file_attributes":{}},"IMG_20190225_161655.jpg1681446":{"filename":"IMG_20190225_161655.jpg","size":1681446,"regions":[{"shape_attributes":{"name":"polygon","all_points_x":[949,1069,1066,944],"all_points_y":[931,911,1031,1061]},"region_attributes":{"class":"KA02AD5125"}},{"shape_attributes":{"name":"rect","x":-3,"y":205,"width":1147,"height":1618},"region_attributes":{"class":"AUTO"}}],"file_attributes":{}},"IMG_20190225_161725.jpg1917352":{"filename":"IMG_20190225_161725.jpg","size":1917352,"regions":[{"shape_attributes":{"name":"rect","x":714,"y":1114,"width":112,"height":51},"region_attributes":{"class":"KA05AC9072"}},{"shape_attributes":{"name":"rect","x":239,"y":485,"width":882,"height":900},"region_attributes":{"class":"AUTO"}}],"file_attributes":{}}},"_via_attributes":{"region":{"class":{"type":"text","description":"","default_value":""}},"file":{}}}